DO NOT DO THIS IN PRODUCTION Cleanup... done
Please stand while loading the db... done
40009893	Schröter, Johann	Schröter, Johannes
40001838	Johann Melchior Caesar	Caesar, Johann Melchior [A/I]
40010502	August Sturm	Sturm, August
40003094	Rudolph Dreher (Fürstliche Druckerei Kempten)	Dreher, Rudolph
40010479	Franz Xaver Straub	Straub, Franz
40011143	Michael Wagner	Wagner, Michael
40011143	Michael Wagner	Wagner, Michael [A/I]
40003804	Johann Gäch	Gäch, Johann
40000419	Georg Arnold	Arnold, Georg
40011143	Michael Wagner	Wagner, Michael [A/I]
40001892	Fratelli Camagni	Camagni - fratelli
40004103	Johann Melchior Gletle	Gletle, Johann Melchior
40003360	Andreas Erfurt	Erfurt, Andreas
40007056	Francesco Magni	Magni, Francesco
40007056	Francesco Magni	Magni, Francesco
40007056	Francesco Magni	Magni, Francesco
40011904	Giovanni Francesco & fratelli Camagni	Camagni - Giovanni Francesco e fratelli 
40001892	Fratelli Camagni	Camagni - fratelli
40011042	Francesco Vigone	Vigone, Francesco
40003360	Andreas Erfurt	Erfurt, Andreas
40003094	Rudolph Dreher (Fürstliche Druckerei Kempten)	Dreher, Rudolph
40011042	Francesco Vigone	Vigone, Francesco
40001892	Fratelli Camagni	Camagni - fratelli
40003087	Dozza, Evangelista, eredi	Dozza
40001838	Johann Melchior Caesar	Caesar, Johann Melchior
40005815	Jacob Koppmayer	Koppmayer, Jakob 
40004800	Gottfried Hautt	Hautt, Gottfried
40001893	Carlo Camagno	Camagno, Carlo
40004103	Johann Melchior Gletle	Gletle, Johann Melchior
40003360	Andreas Erfurt	Erfurt, Andreas
40011143	Michael Wagner	Wagner, Michael [A/I]
40011143	Michael Wagner	Wagner, Michael [A/I]
40009846	Johann Jakob Schönigk	Schönig, Johann Jakob
40007626	Giacomo Monti	Monti, Giacomo
40003087	Dozza, Evangelista, eredi	Dozza
51007106	Klosterdruckerei St. Gallen	Klosterdruckerei Sankt Gallen
40007626	Giacomo Monti	Monti, Giacomo
40011904	Giovanni Francesco & fratelli Camagni	Camagni - Giovanni Francesco e fratelli 
40001892	Fratelli Camagni	Camagni - fratelli
40003990	Johann Geng	Geng, Johann
40001892	Fratelli Camagni	Camagni - fratelli
40001893	Carlo Camagno	Camagno, Carlo
40007054	Bartolomeo Magni	Magni, Bartolomeo
40011143	Michael Wagner	Wagner, Michael
40010502	August Sturm	Sturm, August
40010146	Marino Silvani	Silvani, Marino
40009179	Giorgio Rolla	Rolla, Giorgio
40003747	Friedrich Friessem	Friessem, Friedrich
40004939	Jobst Hertz	Hertz, Hiob
40001892	Fratelli Camagni	Camagni - fratelli
40001892	Fratelli Camagni	Camagni - fratelli
40009179	Giorgio Rolla	Rolla, Giorgio
40011904	Giovanni Francesco & fratelli Camagni	Camagni - Giovanni Francesco e fratelli 
40009179	Giorgio Rolla	Rolla, Giorgio
40011904	Giovanni Francesco & fratelli Camagni	Camagni - Giovanni Francesco e fratelli 
40009179	Giorgio Rolla	Rolla, Giorgio
40011143	Michael Wagner	Wagner, Michael [A/I]
40003804	Johann Gäch	Gäch, Johann
40003094	Rudolph Dreher (Fürstliche Druckerei Kempten)	Dreher, Rudolph
40003804	Johann Gäch	Gäch, Johann
40001892	Fratelli Camagni	Camagni - fratelli
40001892	Fratelli Camagni	Camagni - fratelli
40004156	Daniel Görlin	Görlin, Daniel
51002844	Daniel Görlin Witwe	Görlin, Daniel - Witwe
51002845	Matthäus Wagner	Wagner, Matthäus
51002845	Matthäus Wagner	Wagner, Matthäus
40011143	Michael Wagner	Wagner, Michael [A/I]
40003990	Johann Geng	Geng, Johann
40009763	Georg Schlüter & Martin Happach	Schlüter, Georg
40009763	Georg Schlüter & Martin Happach	Happach, Martin
40003472	Wolfgang Eberhard Felsecker	Felsecker, Wolfgang Eberhard
51000416	Johann Mayr (Fürstliche Druckerei Kempten)	Mayr, Johann
51001834	Bischöfliche Druckerei	Bischöfliche Druckerei Konstanz
40008210	Leonhard Parcus	Parcus, Leonhard 
40008210	Leonhard Parcus	Parcus, Leonhard 
40003094	Rudolph Dreher (Fürstliche Druckerei Kempten)	Dreher, Rudolph
30061344	Johann Kaspar Bencard 	Bencard, Johann Caspar
40003344	Wolfgang Moritz Endter	Endter, Wolfgang Moritz
40001892	Fratelli Camagni	Camagni - fratelli
40005688	Kieffer, Carl, Witwe	Kieffer, Karl
40009847	Johann Ulrich Schönigk	Schönig, Johann Ulrich
40011143	Michael Wagner	Wagner, Michael [A/I]
40004020	Dietrich Gerlach	Gerlach, Theodor
40010392	Nikolaus Stein 	Stein, Nicolaus
40009039	Wolfgang Richter	Richter, Wolfgang
40004835	Nicolaus Henricus	Heinrich, Nicolaus
40004835	Nicolaus Henricus	Heinrich, Nicolaus
40004835	Nicolaus Henricus	Heinrich, Nicolaus
40000302	Ricciardo Amadino	Amadino, Ricciardo
40000302	Ricciardo Amadino	Amadino, Ricciardo
40003804	Johann Gäch	Gäch, Johann
40005505	Jobin, Bernhard	Jobin, Bernhard [A/I]
40005618	Paul Kauffmann	Kaufmann, Paul
40003804	Johann Gäch	Gäch, Johann
40003804	Johann Gäch	Gäch, Johann
40011112	Johann Volmar	Vollmar, Johann
40008669	Johann Praetorius	Praetorius, Johann
40011143	Michael Wagner	Wagner, Michael [A/I]
40011143	Michael Wagner	Wagner, Michael [A/I]
40003804	Johann Gäch	Gäch, Johann
40003990	Johann Geng	Geng, Johann
40011143	Michael Wagner	Wagner, Michael [A/I]
40011143	Michael Wagner	Wagner, Michael [A/I]
40011143	Michael Wagner	Wagner, Michael [A/I]
40004835	Nicolaus Henricus	Heinrich, Nicolaus
40009179	Giorgio Rolla	Rolla, Giorgio
40003804	Johann Gäch	Gäch, Johann
40011143	Michael Wagner	Wagner, Michael [A/I]
40011143	Michael Wagner	Wagner, Michael [A/I]
40011143	Michael Wagner	Wagner, Michael [A/I]
40004835	Nicolaus Henricus	Heinrich, Nicolaus
40003990	Johann Geng	Geng, Johann
40004021	Katharina Gerlach	Gerlach, Katharina
40004021	Katharina Gerlach	Gerlach, Katharina
40007054	Bartolomeo Magni	Magni, Bartolomeo
40011143	Michael Wagner	Wagner, Michael [A/I]
40011143	Michael Wagner	Wagner, Michael [A/I]
40003804	Johann Gäch	Gäch, Johann
40000935	Adam Berg	Berg, Adam - the elder
40000937	Anna Berg	Berg
40002896	Friedrich Melchior Dedekind	Dedekind, Friedrich Melchior
40001109	Johann Birckner	Birckner, Johann 
40008669	Johann Praetorius	Praetorius, Johann
40008669	Johann Praetorius	Praetorius, Johann
40008669	Johann Praetorius	Praetorius, Johann
40010392	Nikolaus Stein 	Stein, Nicolaus
40007054	Bartolomeo Magni	Magni, Bartolomeo
40001379	Nicolò Borboni	Borboni, Nicolò
40001379	Nicolò Borboni	Borboni, Nicolò
40001379	Nicolò Borboni	Borboni, Nicolò
40011112	Johann Volmar	Vollmar, Johann
40000219	Daniel Paur	Agricola, Daniel
40011112	Johann Volmar	Vollmar, Johann
40008094	Philipp von Ohr	Ohr, Philipp von
40008094	Philipp von Ohr	Ohr, Philipp von
40002020	Heinrich Carstens	Carstens, Heinrich
40002020	Heinrich Carstens	Carstens, Heinrich
40003990	Johann Geng	Geng, Johann
40003990	Johann Geng	Geng, Johann
40011434	Willer, Georg (Leonhard Reinmichel)	Willers, Georg
40000935	Adam Berg	Berg, Adam - the elder
40010480	Leonhard Straub der Ältere	Straub, Leonhard
40007054	Bartolomeo Magni	Magni, Bartolomeo
40011642	Lazarus Zetzner	Zetzner, Lazarus
40011642	Lazarus Zetzner	Zetzner, Lazarus
40007054	Bartolomeo Magni	Magni, Bartolomeo
40006799	Filippo Lomazzo	Lomazzo, Filippo
40004595	Gregorius Haenlin	Haenlin, Gregor
40008669	Johann Praetorius	Praetorius, Johann
40003804	Johann Gäch	Gäch, Johann
40011143	Michael Wagner	Wagner, Michael [A/I]
40011143	Michael Wagner	Wagner, Michael [A/I]
40009893	Schröter, Johann	Schröter, Johannes
40011143	Michael Wagner	Wagner, Michael [A/I]
40000397	Samuel Apiarius	Apiarius, Samuel
40007054	Bartolomeo Magni	Magni, Bartolomeo
40007054	Bartolomeo Magni	Magni, Bartolomeo
51000372	Heinrich Petri	Petri, Heinrich
51007891	Hieronymus Curio	Curio, Hieronymus
40007054	Bartolomeo Magni	Magni, Bartolomeo
40009893	Schröter, Johann	Schröter, Johannes
40009179	Giorgio Rolla	Rolla, Giorgio
40009893	Schröter, Johann	Schröter, Johannes
40003845	Angelo Gardano	Gardano, Angelo
40004021	Katharina Gerlach	Gerlach, Katharina
40000935	Adam Berg	Berg, Adam - the elder
40004021	Katharina Gerlach	Berg, Johann vom
40004021	Katharina Gerlach	Gerlach, Katharina
40004835	Nicolaus Henricus	Heinrich, Nicolaus
40004835	Nicolaus Henricus	Heinrich, Nicolaus
40006799	Filippo Lomazzo	Lomazzo, Filippo
40003840	Alessandro Gardano	Gardano, Alessandro
40007054	Bartolomeo Magni	Magni, Bartolomeo
40007054	Bartolomeo Magni	Magni, Bartolomeo
51001169	Michael Hering	Hering, Michael
40008360	Pfeiffer, Lorenz	Pfeiffer, Laurentius
40005899	Kühne, Christian Balthasar	Kühn, Balthasar
40007054	Bartolomeo Magni	Magni, Bartolomeo
40004835	Nicolaus Henricus	Heinrich, Nicolaus
40004835	Nicolaus Henricus	Heinrich, Nicolaus
40007054	Bartolomeo Magni	Magni, Bartolomeo
40007054	Bartolomeo Magni	Magni, Bartolomeo
40003094	Rudolph Dreher (Fürstliche Druckerei Kempten)	Dreher, Rudolph
40003324	Michael Endter	Endter, Michael
51002845	Matthäus Wagner	Wagner, Matthäus
51002844	Daniel Görlin Witwe	Görlin, Daniel - Witwe
40004835	Nicolaus Henricus	Heinrich, Nicolaus
51002845	Matthäus Wagner	Wagner, Matthäus
40007990	Adam Neumayr	Neumayr, Adam
40003360	Andreas Erfurt	Erfurt, Andreas
40000419	Georg Arnold	Arnold, Georg
40011143	Michael Wagner	Wagner, Michael [A/I]
40003472	Wolfgang Eberhard Felsecker	Felsecker, Wolfgang Eberhard
40003990	Johann Geng	Geng, Johann
40000763	Philipp Jakob Baudrexel	Baudrexel, Philipp Jakob
40011143	Michael Wagner	Wagner, Michael [A/I]
40003094	Rudolph Dreher (Fürstliche Druckerei Kempten)	Dreher, Rudolph
40007302	Johann Baptist Mayr	Mayr, Johann Baptist
40001047	Heinrich Ignaz Franz Biber	Biber, Heinrich Ignaz Franz
40003344	Wolfgang Moritz Endter	Endter, Wolfgang Moritz
40007626	Giacomo Monti	Monti, Giacomo
40007056	Francesco Magni	Magni, Francesco
40007626	Giacomo Monti	Monti, Giacomo
40001838	Johann Melchior Caesar	Caesar, Johann Melchior [A/I]
40010502	August Sturm	Sturm, August
40001838	Johann Melchior Caesar	Caesar, Johann Melchior [A/I]
40005815	Jacob Koppmayer	Koppmayer, Jakob 
40007626	Giacomo Monti	Monti, Giacomo
40003094	Rudolph Dreher (Fürstliche Druckerei Kempten)	Dreher, Rudolph
40003094	Rudolph Dreher (Fürstliche Druckerei Kempten)	Dreher, Rudolph
40003094	Rudolph Dreher (Fürstliche Druckerei Kempten)	Dreher, Rudolph
40003814	Johann Michael Galley	Galley, Johann Michael
40010479	Franz Xaver Straub	Straub, Franz
40004103	Johann Melchior Gletle	Gletle, Johann Melchior
40003360	Andreas Erfurt	Erfurt, Andreas
40004103	Johann Melchior Gletle	Gletle, Johann Melchior
40009846	Johann Jakob Schönigk	Schönig, Johann Jakob
40004103	Johann Melchior Gletle	Gletle, Johann Melchior
40003360	Andreas Erfurt	Erfurt, Andreas
40004103	Johann Melchior Gletle	Gletle, Johann Melchior
40009846	Johann Jakob Schönigk	Schönig, Johann Jakob
40011143	Michael Wagner	Wagner, Michael [A/I]
40007302	Johann Baptist Mayr	Mayr, Johann Baptist
40010502	August Sturm	Sturm, August
40007056	Francesco Magni	Magni, Francesco
40010481	Lucas Straub	Straub, Lucas
40007626	Giacomo Monti	Monti, Giacomo
40007056	Francesco Magni	Magni
40011143	Michael Wagner	Wagner, Michael [A/I]
40003094	Rudolph Dreher (Fürstliche Druckerei Kempten)	Dreher, Rudolph
40009604	Giuseppe Sala	Sala, Giuseppe
40007626	Giacomo Monti	Monti, Giacomo
40009604	Giuseppe Sala	Sala, Giuseppe
40007056	Francesco Magni	Magni, Francesco
40003094	Rudolph Dreher (Fürstliche Druckerei Kempten)	Dreher, Rudolph
40011143	Michael Wagner	Wagner, Michael [A/I]
40008494	Plawenn, Leopold von (Christian Balthasar Kühne)	Plawenn, Leopold von
40005899	Kühne, Christian Balthasar	Kühn, Balthasar
40011143	Michael Wagner	Wagner, Michael [A/I]
40008494	Plawenn, Leopold von (Christian Balthasar Kühne)	Plawenn, Leopold von
40005899	Kühne, Christian Balthasar	Kühn, Balthasar
40009846	Johann Jakob Schönigk	Schönig, Johann Jakob
40003347	Christoph Endters Erben	Endter, Christoph - Erben
40005899	Kühne, Christian Balthasar	Kühn, Balthasar
40011143	Michael Wagner	Wagner, Michael [A/I]
40003804	Johann Gäch	Gäch, Johann
40011143	Michael Wagner	Wagner, Michael [A/I]
40011143	Michael Wagner	Wagner, Michael [A/I]
40011143	Michael Wagner	Wagner, Michael [A/I]
40003990	Johann Geng	Geng, Johann
40007626	Giacomo Monti	Monti, Giacomo
40007626	Giacomo Monti	Monti, Giacomo
40007626	Giacomo Monti	Monti, Giacomo
40010392	Nikolaus Stein 	Stein, Nikolaus
40003306	Egenolff Emmel	Emmel, Egenolff
40008094	Philipp von Ohr	Ohr, Philipp von
40001027	Georg Beuther	Beuther, Georg
40001027	Georg Beuther	Beuther, Georg
40000948	Christian II. Bergen	Bergen, Christian
40012225	Melchior Bergens Witwe und Erben	Bergen, Melchior - Witwe und Erben
40000948	Christian II. Bergen	Bergen, Christian
40010044	Wolfgang Seyffert	Seyffert
40011904	Giovanni Francesco & fratelli Camagni	Camagni - Giovanni Francesco e fratelli 
51002844	Daniel Görlin Witwe	Görlin, Daniel - Witwe
51002845	Matthäus Wagner	Wagner, Matthäus
40001892	Fratelli Camagni	Camagni - fratelli
40008210	Leonhard Parcus	Parcus, Leonhard 
40010479	Franz Xaver Straub	Straub, Franz Xaver
40003410	Albert Otto Faber	Faber, Albert Otto
40007745	Henning Müller	Müller, Henning
40007745	Henning Müller	Müller, Henning
40001838	Johann Melchior Caesar	Caesar, Johann Melchior
40005815	Jacob Koppmayer	Koppmayer, Jakob 
40001838	Johann Melchior Caesar	Caesar, Johann Melchior
40005815	Jacob Koppmayer	Koppmayer, Jakob 
40010146	Marino Silvani	Silvani, Marino
40010143	Giuseppe Antonio Silvani	Silvani, Giuseppe Antonio
40009604	Giuseppe Sala	Sala, Giuseppe
40009604	Giuseppe Sala	Sala, Giuseppe
40007626	Giacomo Monti	Monti, Giacomo
40004685	Hardmeyer, Christoff	Hardmeyer, Christoph
40004642	Simon Halbmaier	Halbmaier, Simon
30061366	Abraham Wagenmann	Wagenmann, Abraham
30061366	Abraham Wagenmann	Wagenmann, Abraham
30061366	Abraham Wagenmann	Wagenmann, Abraham
30061366	Abraham Wagenmann	Wagenmann, Abraham
40004020	Dietrich Gerlach	Gerlach, Dietrich
40005705	Wolfgang Kirchner	Kirchner, Wolfgang
40004021	Katharina Gerlach	Gerlach, Katharina & Johann Berg's Erben
40009030	Johann Richel der Jüngere	Richel, Johann - der Jüngere
40005618	Paul Kauffmann	Kauffmann, Paul
40004642	Simon Halbmaier	Halbmaier, Simon
40011487	Hans Witte	Witte, Hans 
40009031	Johann Richel der Ältere Erben	Richel, Johann - der Ältere, Erben
40011487	Hans Witte	Witte, Hans 
40009031	Johann Richel der Ältere Erben	Richel, Johann - der Ältere, Erben
40009031	Johann Richel der Ältere Erben	Richel, Johann - der Ältere, Erben
40009031	Johann Richel der Ältere Erben	Richel, Johann - der Ältere, Erben
40009031	Johann Richel der Ältere Erben	Richel, Johann - der Ältere, Erben
40009031	Johann Richel der Ältere Erben	Richel, Johann - der Ältere, Erben
40009031	Johann Richel der Ältere Erben	Richel, Johann - der Ältere, Erben
40009031	Johann Richel der Ältere Erben	Richel, Johann - der Ältere, Erben
40009031	Johann Richel der Ältere Erben	Richel, Johann - der Ältere, Erben
40009030	Johann Richel der Jüngere	Richel, Johann - der Jüngere
40009031	Johann Richel der Ältere Erben	Richel, Johann - der Ältere, Erben
40009030	Johann Richel der Jüngere	Richel, Johann - der Jüngere
40011487	Hans Witte	Witte, Hans 
40009031	Johann Richel der Ältere Erben	Richel, Johann - der Ältere, Erben
40011487	Hans Witte	Witte, Hans 
40009031	Johann Richel der Ältere Erben	Richel, Johann - der Ältere, Erben
40005618	Paul Kauffmann	Kauffmann, Paul
40005618	Paul Kauffmann	Kauffmann, Paul
40008094	Philipp von Ohr	Ohr, Philipp von
40004835	Nicolaus Henricus	Heinrich, Nikolaus 
40008094	Philipp von Ohr	Ohr, Philipp von
40003845	Angelo Gardano	Gardano, Angelo
40003858	Antonio Gardano	Gardano, Antonio
40009963	Girolamo Scotto	Scotto, Gerolamo
40003845	Angelo Gardano	Gardano, Angelo
40009964	Erede di Girolamo Scotto	Scotto, Girolamo - eredi
40009849	Valentin Schönigk	Schönig, Valentin
51003544	Wilhelm Eder	Eder, Wilhelm
40003311	Jakob Enderlin	Enderlin, Jakob
40009030	Johann Richel der Jüngere	Richel, Johann - der Jüngere
40011037	Vierdanck, Johann (Jakob Jeger)	Vierdanck, Johann
40005493	Jeger, Jakob	Jäger, Jakob 
40011904	Giovanni Francesco & fratelli Camagni	Camagni - Giovanni Francesco e fratelli 
40004103	Johann Melchior Gletle	Gletle, Johann Melchior
40007056	Francesco Magni	Magni
40009604	Giuseppe Sala	Sala, Giuseppe
40001892	Fratelli Camagni	Camagni - fratelli
40001892	Fratelli Camagni	Camagni - fratelli
51007106	Klosterdruckerei St. Gallen	Klosterdruckerei Sankt Gallen
40005815	Jacob Koppmayer	Koppmayer, Jakob 
40009278	Christoph Runge der Jüngere	Runge, Christoph
40005862	Kress, Johann Albrecht	Kreß, Johann Albrecht
40010826	Paul Trew	Trew, Paul
40009031	Johann Richel der Ältere Erben	Richel, Johann - der Ältere, Erben
40008269	Joachim Fuess	Fueß, Joachim
40009031	Johann Richel der Ältere Erben	Richel, Johann - der Ältere, Erben
40009031	Johann Richel der Ältere Erben	Richel, Johann - der Ältere, Erben
40008269	Joachim Fuess	Fueß, Joachim
40000935	Adam Berg	Berg, Adam - the elder
40009030	Johann Richel der Jüngere	Richel, Johann - der Jüngere
40001027	Georg Beuther	Beuther, Georg
40000935	Adam Berg	Berg, Adam - the elder
40002591	Cumpanei Georg Corvinus & Sigmund Feyerabend	Corvinus, Georg
40002591	Cumpanei Georg Corvinus & Sigmund Feyerabend	Feyerabend, Sigmund
51007217	Pierre I Phalèse	Phalèse, Pierre
40003858	Antonio Gardano	Gardano, Antonio
40004020	Dietrich Gerlach	Gerlach, Theodor
40004020	Dietrich Gerlach	Gerlach, Dietrich
40004021	Katharina Gerlach	Gerlach, Katharina & Johann Berg's Erben
40005705	Wolfgang Kirchner	Kirchner, Wolfgang
40004021	Katharina Gerlach	Gerlach, Katharina & Johann Berg's Erben
40010044	Wolfgang Seyffert	Seyffert, Wolfgang 
30061366	Abraham Wagenmann	Wagenmann, Abraham
40003600	Johann Forckel (Fürstliche Druckerei Coburg)	Forckel, Johann 
40009030	Johann Richel der Jüngere	Richel, Johann - der Jüngere
40009031	Johann Richel der Ältere Erben	Richel, Johann - der Ältere, Erben
40009278	Christoph Runge der Jüngere	Runge, Christoph
40000948	Christian II. Bergen	Bergen, Christian
40010044	Wolfgang Seyffert	Seyffert, Wolfgang 
40001027	Georg Beuther	Beuther, Georg
40007478	Johann Christoph Mieth	Mieth, Johann Christoph
40000948	Christian II. Bergen	Bergen, Christian
40010488	Johann Heinrich Stremel	Stremel, Johann Heinrich
40012225	Melchior Bergens Witwe und Erben	Bergen, Melchior - Witwe und Erben
40002900	Johann Caspar Dehne	Dehne, Johann Kaspar 
40000948	Christian II. Bergen	Bergen, Christian
40010044	Wolfgang Seyffert	Seyffert, Wolfgang 
40001027	Georg Beuther	Beuther, Georg
51001956	Zacharias Schneider	Schneider, Zacharias
40002900	Johann Caspar Dehne	Dehne, Johann Kaspar 
40011037	Vierdanck, Johann (Jakob Jeger)	Vierdanck, Johann
40005493	Jeger, Jakob	Jäger, Jakob 
40009030	Johann Richel der Jüngere	Richel, Johann - der Jüngere
40009278	Christoph Runge der Jüngere	Runge, Christoph
40000948	Christian II. Bergen	Bergen, Christian
40010044	Wolfgang Seyffert	Seyffert, Wolfgang 
40001027	Georg Beuther	Beuther, Georg
51001956	Zacharias Schneider	Schneider, Zacharias
40002900	Johann Caspar Dehne	Dehne, Johann Kaspar 
40001027	Georg Beuther	Beuther, Georg
40008094	Philipp von Ohr	Ohr, Philipp von
40004103	Johann Melchior Gletle	Gletle, Johann Melchior
40011904	Giovanni Francesco & fratelli Camagni	Camagni - Giovanni Francesco e fratelli 
40005618	Paul Kauffmann	Kauffmann, Paul
40004642	Simon Halbmaier	Halbmaier, Simon
40009031	Johann Richel der Ältere Erben	Richel, Johann - der Ältere, Erben
40001892	Fratelli Camagni	Camagni - fratelli
40001892	Fratelli Camagni	Camagni - fratelli
51007106	Klosterdruckerei St. Gallen	Klosterdruckerei Sankt Gallen
40011487	Hans Witte	Witte, Hans 
40009031	Johann Richel der Ältere Erben	Richel, Johann - der Ältere, Erben
40011487	Hans Witte	Witte, Hans 
40009031	Johann Richel der Ältere Erben	Richel, Johann - der Ältere, Erben
40009031	Johann Richel der Ältere Erben	Richel, Johann - der Ältere, Erben
40009031	Johann Richel der Ältere Erben	Richel, Johann - der Ältere, Erben
40009031	Johann Richel der Ältere Erben	Richel, Johann - der Ältere, Erben
40009031	Johann Richel der Ältere Erben	Richel, Johann - der Ältere, Erben
40009031	Johann Richel der Ältere Erben	Richel, Johann - der Ältere, Erben
40004835	Nicolaus Henricus	Heinrich, Nikolaus 
40005618	Paul Kauffmann	Kauffmann, Paul
30061366	Abraham Wagenmann	Wagenmann, Abraham
40009030	Johann Richel der Jüngere	Richel, Johann - der Jüngere
40009030	Johann Richel der Jüngere	Richel, Johann - der Jüngere
40003845	Angelo Gardano	Gardano, Angelo
40003858	Antonio Gardano	Gardano, Antonio
40009963	Girolamo Scotto	Scotto, Gerolamo
40003845	Angelo Gardano	Gardano, Angelo
40009964	Erede di Girolamo Scotto	Scotto, Girolamo - eredi
40009849	Valentin Schönigk	Schönig, Valentin
51003544	Wilhelm Eder	Eder, Wilhelm
40003311	Jakob Enderlin	Enderlin, Jakob
40005815	Jacob Koppmayer	Koppmayer, Jakob 
40005862	Kress, Johann Albrecht	Kreß, Johann Albrecht
40010826	Paul Trew	Trew, Paul
40011140	Johann Christoph Wagner	Wagner, Johann Christoph 
40009154	Estienne Roger	Roger, Estienne
40009165	Jeanne Roger	Roger, Jeanne
40006186	Michel-Charles Le Cène	Le Cène, Michel-Charles
40009154	Estienne Roger	Roger, Estienne
40009165	Jeanne Roger	Roger, Jeanne
40009154	Estienne Roger	Roger, Estienne
40009162	Estienne Roger & Michel-Charles Le Cène	Le Cène, Michel-Charles
40007626	Giacomo Monti	Monti, Giacomo
40007478	Johann Christoph Mieth	Mieth, Johann Christoph
40000948	Christian II. Bergen	Bergen, Christian
40010488	Johann Heinrich Stremel	Stremel, Johann Heinrich
40012225	Melchior Bergens Witwe und Erben	Bergen, Melchior - Witwe und Erben
40007056	Francesco Magni	Magni
40009604	Giuseppe Sala	Sala, Giuseppe
40009154	Estienne Roger	Roger, Estienne
40003627	Henri Foucault	Foucault, Henry
51005462	Christoph Heinrich Lau	Lau, Christoph Heinrich
40004609	Johann Ulrich Haffner	Haffner, Johann Ulrich
40005292	Johann Julius Hummel	Hummel, Johann Julius
51003460	Ensemble TromboNova	Götze, Thomas Matthias
40005226	Johann Hüter	Hüter, Johann
40007745	Henning Müller	Müller, Henning
40007745	Henning Müller	Müller, Henning
40008954	Salomon Reyher	Reyher, Salomon
40009696	Johann Michael Schall	Schall, Johann Michael 
40003410	Albert Otto Faber	Faber, Albert Otto
40011590	Balthasar Christoph Wust der Ältere	Wust, Balthasar Christoph – the elder
40010826	Paul Trew	Trew, Paul
51002845	Matthäus Wagner	Wagner, Matthäus
40001723	Johann Heinrich Bürckli	Bürkli, Johann Heinrich
40001723	Johann Heinrich Bürckli	Bürkli, Johann Heinrich
40004828	Heidegger & Rahn	Heidegger und Rahn
40007189	Klosterdruckerei Wettingen	Klosterdruckerei - Wettingen
40003410	Albert Otto Faber	Faber, Albert Otto
40007745	Henning Müller	Müller, Henning
40007745	Henning Müller	Müller, Henning
40003410	Albert Otto Faber	Faber, Albert Otto
40007745	Henning Müller	Müller, Henning
40005878	Lorenz Kroninger & Gottlieb Göbels Erben	Kroninger, Lorenz
40003542	Johann Caspar Ferdinand Fischer	Fischer, Johann Caspar Ferdinand
40011140	Johann Christoph Wagner	Wagner, Johann Christoph 
40000948	Christian II. Bergen	Bergen, Christian
51001956	Zacharias Schneider	Schneider, Zacharias
40002900	Johann Caspar Dehne	Dehne, Johann Kaspar 
51007106	Klosterdruckerei St. Gallen	Klosterdruckerei Sankt Gallen
40004156	Daniel Görlin	Görlin, Daniel
51002845	Matthäus Wagner	Wagner, Matthäus
40007337	Mechel, Johann Conrad von	Mechel, Johann Konrad von
40007745	Henning Müller	Müller, Henning
40003410	Albert Otto Faber	Faber, Albert Otto
40011590	Balthasar Christoph Wust der Ältere	Wust, Balthasar Christoph – the elder
40007745	Henning Müller	Müller, Henning
40007478	Johann Christoph Mieth	Mieth, Johann Christoph
40000948	Christian II. Bergen	Bergen, Christian
40010488	Johann Heinrich Stremel	Stremel, Johann Heinrich
40012225	Melchior Bergens Witwe und Erben	Bergen, Melchior - Witwe und Erben
40001027	Georg Beuther	Beuther, Georg
40000948	Christian II. Bergen	Bergen, Christian
40010044	Wolfgang Seyffert	Seyffert
40000948	Christian II. Bergen	Bergen, Christian
40010044	Wolfgang Seyffert	Seyffert, Wolfgang 
40001027	Georg Beuther	Beuther, Georg
40007745	Henning Müller	Müller, Henning
40008954	Salomon Reyher	Reyher, Salomon
40008952	Christoph Reyher	Reyher, Christoph - the elder
40003410	Albert Otto Faber	Faber, Albert Otto
40007745	Henning Müller	Müller, Henning
40007745	Henning Müller	Müller, Henning
40005899	Kühne, Christian Balthasar	Kühn, Balthasar
40003472	Wolfgang Eberhard Felsecker	Felsecker, Wolfgang Eberhard
40003410	Albert Otto Faber	Faber, Albert Otto
40007745	Henning Müller	Müller, Henning
40003410	Albert Otto Faber	Faber, Albert Otto
40007745	Henning Müller	Müller, Henning
40004642	Simon Halbmaier	Halbmaier, Simon
40000948	Christian II. Bergen	Bergen, Christian
51001956	Zacharias Schneider	Schneider, Zacharias
40000948	Christian II. Bergen	Bergen, Christian
51001956	Zacharias Schneider	Schneider, Zacharias
40007478	Johann Christoph Mieth	Mieth, Johann Christoph
40011657	Johann Christoph Zimmermann	Zimmermann, Johann Christoph
40007337	Mechel, Johann Conrad von	Mechel, Johann Konrad von
51002844	Daniel Görlin Witwe	Görlin, Daniel - Witwe
51002845	Matthäus Wagner	Wagner, Matthäus
40006866	Melchior Gerhard Lorbeer	Lorbeer, Melchior Gerhard
40002900	Johann Caspar Dehne	Dehne, Johann Kaspar 
40009031	Johann Richel der Ältere Erben	Richel, Johann - der Ältere, Erben
40001838	Johann Melchior Caesar	Caesar, Johann Melchior
40005815	Jacob Koppmayer	Koppmayer, Jakob 
40009846	Johann Jakob Schönigk	Schönig, Johann Jakob
40008954	Salomon Reyher	Reyher, Salomon
40009696	Johann Michael Schall	Schall, Johann Michael 
40003410	Albert Otto Faber	Faber, Albert Otto
40007745	Henning Müller	Müller, Henning
40011487	Hans Witte	Witte, Hans 
40009031	Johann Richel der Ältere Erben	Richel, Johann - der Ältere, Erben
40004158	Johann Görlin	Görlin, Johann - the elder
40005899	Kühne, Christian Balthasar	Kühn, Balthasar
40003094	Rudolph Dreher (Fürstliche Druckerei Kempten)	Dreher, Rudolph
40010961	Veith, Philipp & Martin Veith & Johannes Veith, Erben	Veith, Philipp, Martin & Johannes - heirs
40009819	Johann Jakob Schnell	Schnell, Johann Jakob
40009819	Johann Jakob Schnell	Schnell, Johann Jakob
40006098	Johann Baptist Lang	Lang, Johann Baptist
40009777	Johann Michael Schmid	Schmid, Johann Michael
40011135	Christian Ulrich Wagner	Wagner, Christian Ulrich
30075826	Philipp Ludwig Klaffschenckel	Klaffschenckel, Philipp Ludwig
40006098	Johann Baptist Lang	Lang, Johann Baptist
40006098	Johann Baptist Lang	Lang, Johann Baptist
30075826	Philipp Ludwig Klaffschenckel	Klaffschenckel, Philipp Ludwig
51005227	Bernhard Homodeus Mayer	Mayer, Bernhard Homodeus
40004630	Franciscus Salesius Ignatius Hagerer	Hagerer, Franciscus Salesius Ignatius‏
30075826	Philipp Ludwig Klaffschenckel	Klaffschenckel, Philipp Ludwig
30075902	Heinrich Ignaz Nicomedes Hautt	Hautt, Heinrich Ignaz Nikodemus
30075902	Heinrich Ignaz Nicomedes Hautt	Hautt, Heinrich Ignaz Nikodemus
40011140	Johann Christoph Wagner	Wagner, Johann Christoph 
40011140	Johann Christoph Wagner	Wagner, Johann Christoph 
40003542	Johann Caspar Ferdinand Fischer	Fischer, Johann Caspar Ferdinand‏
40005878	Lorenz Kroninger & Gottlieb Göbels Erben	Kroninger, Lorenz
30075903	Joseph Samm & Co.	Samm, Joseph
51007106	Klosterdruckerei St. Gallen	Klosterdruckerei Sankt Gallen
30075903	Joseph Samm & Co.	Samm, Joseph
51007106	Klosterdruckerei St. Gallen	Klosterdruckerei Sankt Gallen
40006186	Michel-Charles Le Cène	Le Cène, Michel-Charles
40011200	John Walsh & Joseph Hare	Walsh, John
40003754	Christian Sigmund Froberg	Froberger, Christian Sigmund
40010146	Marino Silvani	Silvani, Marino
40009154	Estienne Roger	Roger, Estienne
40009162	Estienne Roger & Michel-Charles Le Cène	Le Cène, Michel-Charles
40009154	Estienne Roger	Roger, Estienne
40009154	Estienne Roger	Roger, Estienne
40009162	Estienne Roger & Michel-Charles Le Cène	Le Cène, Michel-Charles
40009165	Jeanne Roger	Roger, Jeanne
40009154	Estienne Roger	Roger, Estienne
40009604	Giuseppe Sala	Sala, Giuseppe
40009165	Jeanne Roger	Roger, Jeanne
40009154	Estienne Roger	Roger, Estienne
40003469	Johann Jonathan Felsecker	Felsecker, Johann Jonathan
40010146	Marino Silvani	Silvani, Marino
40010146	Marino Silvani	Silvani, Marino
40010146	Marino Silvani	Silvani, Marino
40010146	Marino Silvani	Silvani, Marino
40009604	Giuseppe Sala	Sala, Giuseppe
40010146	Marino Silvani	Silvani, Marino
40007637	Pier Maria Monti	Monti, Pier Maria
40009604	Giuseppe Sala	Sala, Giuseppe
40010146	Marino Silvani	Silvani, Marino
40007637	Pier Maria Monti	Monti, Pier Maria
40007626	Giacomo Monti	Monti, Giacomo
40010146	Marino Silvani	Silvani, Marino
40010146	Marino Silvani	Silvani, Marino
40001892	Fratelli Camagni	Camagni - fratelli
40011042	Francesco Vigone	Vigone, Francesco
40007337	Mechel, Johann Conrad von	Mechel, Johann Konrad von
40011904	Giovanni Francesco & fratelli Camagni	Camagni - Giovanni Francesco e fratelli 
40001892	Fratelli Camagni	Camagni - fratelli
40010146	Marino Silvani	Silvani, Marino
40009604	Giuseppe Sala	Sala, Giuseppe
40007626	Giacomo Monti	Monti, Giacomo
40003451	Giacomo Fei	Fei, Giacomo
40007626	Giacomo Monti	Monti, Giacomo
40010146	Marino Silvani	Silvani, Marino
40007626	Giacomo Monti	Monti, Giacomo
40007626	Giacomo Monti	Monti, Giacomo
40007637	Pier Maria Monti	Monti, Pier Maria
40007626	Giacomo Monti	Monti, Giacomo
40007056	Francesco Magni	Magni
40003344	Wolfgang Moritz Endter	Endter, Wolfgang Moritz
40010893	Heinrich Urban	Urban, Heinrich
40007637	Pier Maria Monti	Monti, Pier Maria
40009604	Giuseppe Sala	Sala, Giuseppe
40010146	Marino Silvani	Silvani, Marino
40007637	Pier Maria Monti	Monti, Pier Maria
40007626	Giacomo Monti	Monti, Giacomo
40010146	Marino Silvani	Silvani, Marino
40007626	Giacomo Monti	Monti, Giacomo
40010146	Marino Silvani	Silvani, Marino
40007637	Pier Maria Monti	Monti, Pier Maria
40007478	Johann Christoph Mieth	Mieth, Johann Christoph
40000948	Christian II. Bergen	Bergen, Christian
40007478	Johann Christoph Mieth	Mieth, Johann Christoph
40012225	Melchior Bergens Witwe und Erben	Bergen, Melchior - Witwe und Erben
40010488	Johann Heinrich Stremel	Stremel, Johann Heinrich
51006147	Johann Balthasar Diehl	Diehl, Balthasar
40000613	Christophe Ballard	Ballard, Christophe
40009154	Estienne Roger	Roger, Estienne
40002919	Jean-Louis de Lorme & Estienne Roger	Lorme, Jean Louis de
40001723	Johann Heinrich Bürckli	Bürkli, Johann Heinrich
40009771	Balthasar Schmid	Schmid, Balthasar
40006099	Johann Georg Lang	Lang, Johann Georg
40011192	John Walsh	Walsh, John
40011192	John Walsh	Walsh, John
40001572	Johann Gottlob Immanuel Breitkopf	Breitkopf, Johann Gottlob Immanuel
30075903	Joseph Samm & Co.	Samm, Joseph
30075902	Heinrich Ignaz Nicomedes Hautt	Hautt, Heinrich Ignaz Nikodemus
51007106	Klosterdruckerei St. Gallen	Klosterdruckerei Sankt Gallen
51007106	Klosterdruckerei St. Gallen	Klosterdruckerei Sankt Gallen
40005688	Kieffer, Carl, Witwe	Kieffer, Karl
40004021	Katharina Gerlach	Gerlach, Katharina & Johann Berg's Erben
40004020	Dietrich Gerlach	Gerlach, Theodor
40004021	Katharina Gerlach	Gerlach, Katharina
40009104	Thimoteus Ritzsch	Ritzsch, Timotheus
40005618	Paul Kauffmann	Kaufmann, Paul
40005226	Johann Hüter	Hüter, Johann
40009696	Johann Michael Schall	Schall, Johann Michael 
40001027	Georg Beuther	Beuther, Georg
40007626	Giacomo Monti	Monti, Giacomo
40000948	Christian II. Bergen	Bergen, Christian
40010044	Wolfgang Seyffert	Seyffert, Wolfgang 
40008929	Joachim Reumann	Reumann, Joachim
40001104	Johann Birckner II.	Birckner, Johann 
40005226	Johann Hüter	Hüter, Johann
40009030	Johann Richel der Jüngere	Richel, Johann - der Jüngere
40010044	Wolfgang Seyffert	Seyffert, Wolfgang 
51005813	Johann Bißmarck	Bissmarck, Johann
40008936	Johann Reusner	Reusner, Johann
40003347	Christoph Endters Erben	Christoph Endter Erben
40003766	Georg Heinrich Frommann	Frommann, Georg Heinrich
40003472	Wolfgang Eberhard Felsecker	Felsecker, Wolfgang Eberhard
51005763	Johann Bauer	Bauer, Johann
40009031	Johann Richel der Ältere Erben	Richel, Johann - der Ältere, Erben
40009030	Johann Richel der Jüngere	Richel, Johann - der Jüngere
40005699	Christian Kirchner	Kirchner, Christian
40005699	Christian Kirchner	Kirchner, Christian
40004635	Johann Erich Hahn	Hahn, Johann Erich
40004156	Daniel Görlin	Görlin, Daniel
51002845	Matthäus Wagner	Wagner, Matthäus
40011143	Michael Wagner	Wagner, Michael
40010007	Georg Sengenwald	Sengenwald, Georg
40010392	Nikolaus Stein 	Stein, Nikolaus
40003306	Egenolff Emmel	Emmel, Egenolff
40004835	Nicolaus Henricus	Heinrich, Nikolaus 
40002020	Heinrich Carstens	Carstens, Henrich
40000935	Adam Berg	Berg, Adam - the elder
40004595	Gregorius Haenlin	Hänlin, Gregor
40000221	Hans Paur	Paur, Hans
40000302	Ricciardo Amadino	Amadino, Ricciardo
40010392	Nikolaus Stein 	Stein, Nikolaus
40008383	Pierre II Phalèse	Phalèse, Pierre
40002739	Dominicus Custos	Custos, Dominicus
40003845	Angelo Gardano	Gardano, Angelo
40000935	Adam Berg	Berg, Adam - the elder
40002020	Heinrich Carstens	Carstens, Henrich
40001892	Fratelli Camagni	Camagni - fratelli
40007478	Johann Christoph Mieth	Mieth, Johann Christoph
40000948	Christian II. Bergen	Bergen, Christian
51001329	Christian und Melchior Bergen	Bergen, Melchior
40010044	Wolfgang Seyffert	Seyffert, Wolfgang 
51001329	Christian und Melchior Bergen	Bergen, Christian
40010044	Wolfgang Seyffert	Seyffert, Wolfgang 
40007745	Henning Müller	Müller, Henning
40005815	Jacob Koppmayer	Koppmayer, Jakob 
40001104	Johann Birckner II.	Birckner, Johann 
40003766	Georg Heinrich Frommann	Frommann, Georg Heinrich
40001104	Johann Birckner II.	Birckner, Johann 
40003766	Georg Heinrich Frommann	Frommann, Georg Heinrich
40003766	Georg Heinrich Frommann	Frommann, Georg Heinrich
40003766	Georg Heinrich Frommann	Frommann, Georg Heinrich
40003766	Georg Heinrich Frommann	Frommann, Georg Heinrich
40003766	Georg Heinrich Frommann	Frommann, Georg Heinrich
40010893	Heinrich Urban	Urban, Heinrich
40001047	Heinrich Ignaz Franz Biber	Biber, Heinrich Ignaz Franz
40003344	Wolfgang Moritz Endter	Endter, Wolfgang Moritz
40009031	Johann Richel der Ältere Erben	Richel, Johann - der Ältere, Erben
40006086	Friedrich Lanckisch der Ältere	Lanckisch, Friedrich
40000613	Christophe Ballard	Ballard, Christophe
40000653	Jean-Baptiste-Christophe Ballard	Ballard, Jean-Baptiste-Christophe 
40000664	Robert III Ballard	Ballard, Robert
40007056	Francesco Magni	Magni
40003008	Katharina Dietrich	Dietrich, Katharina
40004642	Simon Halbmaier	Halbmaier, Simon
30061366	Abraham Wagenmann	Wagenmann, Abraham
40004020	Dietrich Gerlach	Gerlach, Theodor
40005705	Wolfgang Kirchner	Kirchner, Wolfgang
40004021	Katharina Gerlach	Gerlach, Katharina & Johann Berg's Erben
40001892	Fratelli Camagni	Camagni - fratelli
40001892	Fratelli Camagni	Camagni - fratelli
40011042	Francesco Vigone	Vigone, Francesco
40000664	Robert III Ballard	Ballard, Robert
40009154	Estienne Roger	Roger, Estienne
40008261	William Pearson	Pearson, William
40000664	Robert III Ballard	Ballard, Robert
40004800	Gottfried Hautt	Hautt, Gottfried
40001892	Fratelli Camagni	Camagni - fratelli
40005769	Jost Köhler & Jacob Köhler	Köhler, Jost; Jakob Köhler
40003008	Katharina Dietrich	Dietrich, Katharina
40004642	Simon Halbmaier	Halbmaier, Simon
30061366	Abraham Wagenmann	Wagenmann, Abraham
40004685	Hardmeyer, Christoff	Hardmeyer, Christoph
40009154	Estienne Roger	Roger, Estienne
40006186	Michel-Charles Le Cène	Le Cène, Michel-Charles
40009154	Estienne Roger	Roger, Estienne
40009162	Estienne Roger & Michel-Charles Le Cène	Le Cène, Michel-Charles
40000613	Christophe Ballard	Ballard, Christophe
40009154	Estienne Roger	Roger, Estienne
51002667	Stamperia di Giovanni Giacomo Komarek	Komarek, Giovanni Giacomo
40009154	Estienne Roger	Roger, Estienne
40009162	Estienne Roger & Michel-Charles Le Cène	Le Cène, Michel-Charles
40006214	Charles-Nicolas Leclerc	Le Clerc, Charles-Nicolas
40011200	John Walsh & Joseph Hare	Walsh, John
51002667	Stamperia di Giovanni Giacomo Komarek	Komarek, Giovanni Giacomo
40009154	Estienne Roger	Roger, Estienne
40009162	Estienne Roger & Michel-Charles Le Cène	Le Cène, Michel-Charles
40006214	Charles-Nicolas Leclerc	Le Clerc, Charles-Nicolas
40011200	John Walsh & Joseph Hare	Walsh, John
40009154	Estienne Roger	Roger, Estienne
40009162	Estienne Roger & Michel-Charles Le Cène	Le Cène, Michel-Charles
40011200	John Walsh & Joseph Hare	Walsh, John
40010893	Heinrich Urban	Urban, Heinrich
40010146	Marino Silvani	Silvani, Marino
40009154	Estienne Roger	Roger, Estienne
40009604	Giuseppe Sala	Sala, Giuseppe
40009604	Giuseppe Sala	Sala, Giuseppe
40010146	Marino Silvani	Silvani, Marino
40009154	Estienne Roger	Roger, Estienne
40010146	Marino Silvani	Silvani, Marino
40007637	Pier Maria Monti	Monti, Pier Maria
40008261	William Pearson	Pearson, William
40007626	Giacomo Monti	Monti, Giacomo
40010146	Marino Silvani	Silvani, Marino
40009604	Giuseppe Sala	Sala, Giuseppe
40008641	Lucas de Potter	de Potter, Lucas
40008641	Lucas de Potter	de Potter, Lucas
40009154	Estienne Roger	Roger, Estienne
40009154	Estienne Roger	Roger, Estienne
40010146	Marino Silvani	Silvani, Marino
40007626	Giacomo Monti	Monti, Giacomo
40009154	Estienne Roger	Roger, Estienne
40009154	Estienne Roger	Roger, Estienne
40008641	Lucas de Potter	de Potter, Lucas
40008641	Lucas de Potter	de Potter, Lucas
40001892	Fratelli Camagni	Camagni - fratelli
40008641	Lucas de Potter	de Potter, Lucas
40011140	Johann Christoph Wagner	Wagner, Johann Christoph
40009819	Johann Jakob Schnell	Schnell, Johann Jakob
40010146	Marino Silvani	Silvani, Marino
40000653	Jean-Baptiste-Christophe Ballard	Ballard, Jean-Baptiste-Christophe
40000653	Jean-Baptiste-Christophe Ballard	Ballard, Jean-Baptiste-Christophe
40008641	Lucas de Potter	de Potter, Lucas
40008641	Lucas de Potter	de Potter, Lucas
40009154	Estienne Roger	Roger, Estienne
40009154	Estienne Roger	Roger, Estienne
40009165	Jeanne Roger	Roger, Jeanne
40009162	Estienne Roger & Michel-Charles Le Cène	Le Cène, Michel-Charles
40011206	John Walsh & Peter Randall & Joseph Hare	Walsh, John
40009154	Estienne Roger	Roger, Estienne
40011206	John Walsh & Peter Randall & Joseph Hare	Walsh, John
40010905	Isaac Vaillant	Vaillant, Isaac
40008381	Héritiers de Pierre Phalèse	Phalèse, Magdalène
51007121	Stampa del Gardano	Gardano
40007056	Francesco Magni	Magni, Francesco
40009604	Giuseppe Sala	Sala, Giuseppe
40001405	Camillo Bortoli	Bortoli, Camillo
40007626	Giacomo Monti	Monti, Giacomo
40001893	Carlo Camagno	Camagno, Carlo
40009179	Giorgio Rolla	Rolla, Giorgio
40008641	Lucas de Potter	de Potter, Lucas
40007054	Bartolomeo Magni	Magni, Bartolomeo
40008381	Héritiers de Pierre Phalèse	Phalèse, Magdalène
40007056	Francesco Magni	Magni, Francesco
40008381	Héritiers de Pierre Phalèse	Phalèse, Magdalène
40008381	Héritiers de Pierre Phalèse	Phalèse, Magdalène
40009604	Giuseppe Sala	Sala, Giuseppe
40007626	Giacomo Monti	Monti, Giacomo
40007054	Bartolomeo Magni	Magni, Bartolomeo
40007056	Francesco Magni	Magni, Francesco
40011609	John Young	Young, John
40008261	William Pearson	Pearson, William
40009154	Estienne Roger	Roger, Estienne
40007637	Pier Maria Monti	Monti, Pier Maria
40010146	Marino Silvani	Silvani, Marino
40009154	Estienne Roger	Roger, Estienne
51007121	Stampa del Gardano	Gardano
40008381	Héritiers de Pierre Phalèse	Phalèse, Magdalène
40007626	Giacomo Monti	Monti, Giacomo
40009125	Giovanni Battista Robletti	Robletti, Giovanni Battista
40010260	Luca Antonio Soldi	Soldi, Luca Antonio
40009154	Estienne Roger	Roger, Estienne
40011904	Giovanni Francesco & fratelli Camagni	Camagni - Giovanni Francesco e fratelli
40009179	Giorgio Rolla	Rolla, Giorgio
40009176	Carlo Francesco Rolla	Rolla, Carlo Francesco
40008381	Héritiers de Pierre Phalèse	Phalèse, Magdalène
51007121	Stampa del Gardano	Gardano
40007054	Bartolomeo Magni	Magni, Bartolomeo
40007056	Francesco Magni	Magni, Francesco
40009604	Giuseppe Sala	Sala, Giuseppe
40007626	Giacomo Monti	Monti, Giacomo
40002206	Cazzati, Maurizio	Cazzati
40008641	Lucas de Potter	de Potter, Lucas
40010146	Marino Silvani	Silvani, Marino
51007121	Stampa del Gardano	Gardano
40006174	Lazzari, Pellegrino	Lazzari, Pelegrino
40009179	Giorgio Rolla	Rolla, Giorgio
40007054	Bartolomeo Magni	Magni, Bartolomeo
40002503	Benjamin Cooke	Cooke, Benjamin
40003627	Henri Foucault	Foucault, Henry
40011196	John Walsh & J. Hare	Walsh, John
40009154	Estienne Roger	Roger, Estienne
40009162	Estienne Roger & Michel-Charles Le Cène	Le Cène, Michel-Charles
51002667	Stamperia di Giovanni Giacomo Komarek	Komarek, Giovanni Giacomo
40010146	Marino Silvani	Silvani, Marino
40009604	Giuseppe Sala	Sala, Giuseppe
40007828	Giovanni Angelo Mutii	Mutij, Giovanni Angelo
40007626	Giacomo Monti	Monti, Giacomo
40007054	Bartolomeo Magni	Magni, Bartolomeo
51007121	Stampa del Gardano	Gardano
40007054	Bartolomeo Magni	Magni, Bartolomeo
51007121	Stampa del Gardano	Gardano
40007054	Bartolomeo Magni	Magni, Bartolomeo
51007121	Stampa del Gardano	Gardano
40007054	Bartolomeo Magni	Magni, Bartolomeo
51007121	Stampa del Gardano	Gardano
40007056	Francesco Magni	Magni, Francesco
51007121	Stampa del Gardano	Gardano
40007054	Bartolomeo Magni	Magni, Bartolomeo
40007056	Francesco Magni	Magni, Francesco
51007121	Stampa del Gardano	Gardano
40007054	Bartolomeo Magni	Magni, Bartolomeo
51007121	Stampa del Gardano	Gardano
40009179	Giorgio Rolla	Rolla, Giorgio
40007054	Bartolomeo Magni	Magni, Bartolomeo
51007121	Stampa del Gardano	Gardano
40007054	Bartolomeo Magni	Magni, Bartolomeo
51007121	Stampa del Gardano	Gardano
40007054	Bartolomeo Magni	Magni, Bartolomeo
51007121	Stampa del Gardano	Gardano
40007054	Bartolomeo Magni	Magni, Bartolomeo
51007121	Stampa del Gardano	Gardano
40003448	Andrea Fei	Fei, Andrea
40009125	Giovanni Battista Robletti	Robletti, Giovanni Battista
40007054	Bartolomeo Magni	Magni, Bartolomeo
51007121	Stampa del Gardano	Gardano
40007056	Francesco Magni	Magni, Francesco
40007054	Bartolomeo Magni	Magni, Bartolomeo
51007121	Stampa del Gardano	Gardano
40007054	Bartolomeo Magni	Magni, Bartolomeo
51007121	Stampa del Gardano	Gardano
40007054	Bartolomeo Magni	Magni, Bartolomeo
51007121	Stampa del Gardano	Gardano
40007054	Bartolomeo Magni	Magni, Bartolomeo
51007121	Stampa del Gardano	Gardano
40007054	Bartolomeo Magni	Magni, Bartolomeo
51007121	Stampa del Gardano	Gardano
40007054	Bartolomeo Magni	Magni, Bartolomeo
51007121	Stampa del Gardano	Gardano
40007054	Bartolomeo Magni	Magni, Bartolomeo
51007121	Stampa del Gardano	Gardano
40007056	Francesco Magni	Magni, Francesco
51007121	Stampa del Gardano	Gardano
40007054	Bartolomeo Magni	Magni, Bartolomeo
51007121	Stampa del Gardano	Gardano
40003845	Angelo Gardano	Gardano, Angelo
40007056	Francesco Magni	Magni, Francesco
51007121	Stampa del Gardano	Gardano
40003845	Angelo Gardano	Gardano, Angelo
40007054	Bartolomeo Magni	Magni, Bartolomeo
51007121	Stampa del Gardano	Gardano
40007056	Francesco Magni	Magni, Francesco
51007121	Stampa del Gardano	Gardano
40007054	Bartolomeo Magni	Magni, Bartolomeo
51007121	Stampa del Gardano	Gardano
40007054	Bartolomeo Magni	Magni, Bartolomeo
51007121	Stampa del Gardano	Gardano
40007056	Francesco Magni	Magni, Francesco
51007121	Stampa del Gardano	Gardano
40007054	Bartolomeo Magni	Magni, Bartolomeo
51007121	Stampa del Gardano	Gardano
40007054	Bartolomeo Magni	Magni, Bartolomeo
51007121	Stampa del Gardano	Gardano
40007054	Bartolomeo Magni	Magni, Bartolomeo
51007121	Stampa del Gardano	Gardano
40007054	Bartolomeo Magni	Magni, Bartolomeo
51007121	Stampa del Gardano	Gardano
40007054	Bartolomeo Magni	Magni, Bartolomeo
51007121	Stampa del Gardano	Gardano
40007054	Bartolomeo Magni	Magni, Bartolomeo
51007121	Stampa del Gardano	Gardano
40007054	Bartolomeo Magni	Magni, Bartolomeo
51007121	Stampa del Gardano	Gardano
40007054	Bartolomeo Magni	Magni, Bartolomeo
51007121	Stampa del Gardano	Gardano
40007056	Francesco Magni	Magni, Francesco
51007121	Stampa del Gardano	Gardano
40007056	Francesco Magni	Magni, Francesco
51007121	Stampa del Gardano	Gardano
40007054	Bartolomeo Magni	Magni, Bartolomeo
51007121	Stampa del Gardano	Gardano
40007054	Bartolomeo Magni	Magni, Bartolomeo
51007121	Stampa del Gardano	Gardano
40011143	Michael Wagner	Wagner, Michael
40011143	Michael Wagner	Wagner, Michael
40011143	Michael Wagner	Wagner, Michael
40011143	Michael Wagner	Wagner, Michael
40007054	Bartolomeo Magni	Magni, Bartolomeo
51007121	Stampa del Gardano	Gardano
40007054	Bartolomeo Magni	Magni, Bartolomeo
51007121	Stampa del Gardano	Gardano
40007054	Bartolomeo Magni	Magni, Bartolomeo
51007121	Stampa del Gardano	Gardano
40007054	Bartolomeo Magni	Magni, Bartolomeo
51007121	Stampa del Gardano	Gardano
40007054	Bartolomeo Magni	Magni, Bartolomeo
51007121	Stampa del Gardano	Gardano
40007054	Bartolomeo Magni	Magni, Bartolomeo
51007121	Stampa del Gardano	Gardano
40007054	Bartolomeo Magni	Magni, Bartolomeo
51007121	Stampa del Gardano	Gardano
40011143	Michael Wagner	Wagner, Michael
40011143	Michael Wagner	Wagner, Michael
40011143	Michael Wagner	Wagner, Michael
40011143	Michael Wagner	Wagner, Michael
40003804	Johann Gäch	Gäch, Johann
40011143	Michael Wagner	Wagner, Michael
40007054	Bartolomeo Magni	Magni, Bartolomeo
51007121	Stampa del Gardano	Gardano
40007054	Bartolomeo Magni	Magni, Bartolomeo
51007121	Stampa del Gardano	Gardano
40007054	Bartolomeo Magni	Magni, Bartolomeo
51007121	Stampa del Gardano	Gardano
40007054	Bartolomeo Magni	Magni, Bartolomeo
51007121	Stampa del Gardano	Gardano
40007054	Bartolomeo Magni	Magni, Bartolomeo
51007121	Stampa del Gardano	Gardano
40007056	Francesco Magni	Magni, Francesco
51007121	Stampa del Gardano	Gardano
40007054	Bartolomeo Magni	Magni, Bartolomeo
51007121	Stampa del Gardano	Gardano
40007054	Bartolomeo Magni	Magni, Bartolomeo
51007121	Stampa del Gardano	Gardano
40007054	Bartolomeo Magni	Magni, Bartolomeo
51007121	Stampa del Gardano	Gardano
40007054	Bartolomeo Magni	Magni, Bartolomeo
51007121	Stampa del Gardano	Gardano
40007054	Bartolomeo Magni	Magni, Bartolomeo
51007121	Stampa del Gardano	Gardano
40007054	Bartolomeo Magni	Magni, Bartolomeo
51007121	Stampa del Gardano	Gardano
40007054	Bartolomeo Magni	Magni, Bartolomeo
51007121	Stampa del Gardano	Gardano
40007054	Bartolomeo Magni	Magni, Bartolomeo
51007121	Stampa del Gardano	Gardano
40007054	Bartolomeo Magni	Magni, Bartolomeo
51007121	Stampa del Gardano	Gardano
40007054	Bartolomeo Magni	Magni, Bartolomeo
51007121	Stampa del Gardano	Gardano
40009125	Giovanni Battista Robletti	Robletti, Giovanni Battista
40007054	Bartolomeo Magni	Magni, Bartolomeo
51007121	Stampa del Gardano	Gardano
40007054	Bartolomeo Magni	Magni, Bartolomeo
51007121	Stampa del Gardano	Gardano
40008669	Johann Praetorius	Praetorius, Johann
40011143	Michael Wagner	Wagner, Michael
40011143	Michael Wagner	Wagner, Michael
40011143	Michael Wagner	Wagner, Michael
40011143	Michael Wagner	Wagner, Michael
40007056	Francesco Magni	Magni, Francesco
51007121	Stampa del Gardano	Gardano
40007054	Bartolomeo Magni	Magni, Bartolomeo
51007121	Stampa del Gardano	Gardano
40007054	Bartolomeo Magni	Magni, Bartolomeo
51007121	Stampa del Gardano	Gardano
40007054	Bartolomeo Magni	Magni, Bartolomeo
51007121	Stampa del Gardano	Gardano
51007121	Stampa del Gardano	Gardano
40003845	Angelo Gardano	Gardano, Angelo
40007054	Bartolomeo Magni	Magni, Bartolomeo
40011143	Michael Wagner	Wagner, Michael
40003804	Johann Gäch	Gäch, Johann
40011143	Michael Wagner	Wagner, Michael
40011143	Michael Wagner	Wagner, Michael
40007056	Francesco Magni	Magni, Francesco
51007121	Stampa del Gardano	Gardano
40007056	Francesco Magni	Magni, Francesco
51007121	Stampa del Gardano	Gardano
40007056	Francesco Magni	Magni, Francesco
51007121	Stampa del Gardano	Gardano
40007626	Giacomo Monti	Monti, Giacomo
40007056	Francesco Magni	Magni, Francesco
51007121	Stampa del Gardano	Gardano
40007056	Francesco Magni	Magni, Francesco
51007121	Stampa del Gardano	Gardano
40004595	Gregorius Haenlin	Haenlin, Gregor
40007054	Bartolomeo Magni	Magni, Bartolomeo
40007056	Francesco Magni	Magni, Francesco
51007121	Stampa del Gardano	Gardano
40007054	Bartolomeo Magni	Magni, Bartolomeo
51007121	Stampa del Gardano	Gardano
40007054	Bartolomeo Magni	Magni, Bartolomeo
51007121	Stampa del Gardano	Gardano
40007056	Francesco Magni	Magni, Francesco
51007121	Stampa del Gardano	Gardano
40009893	Schröter, Johann	Schröter, Johannes
40009154	Estienne Roger	Roger, Estienne
40009154	Estienne Roger	Roger, Estienne
40009154	Estienne Roger	Roger, Estienne
40010146	Marino Silvani	Silvani, Marino
40009154	Estienne Roger	Roger, Estienne
40009154	Estienne Roger	Roger, Estienne
40005878	Lorenz Kroninger & Gottlieb Göbels Erben	Kroninger, Lorenz
40009154	Estienne Roger	Roger, Estienne
40009604	Giuseppe Sala	Sala, Giuseppe
40009154	Estienne Roger	Roger, Estienne
40009154	Estienne Roger	Roger, Estienne
40009154	Estienne Roger	Roger, Estienne
40009198	Fortuniano Rosati	Rosati, Fortuniano
40009154	Estienne Roger	Roger, Estienne
40009604	Giuseppe Sala	Sala, Giuseppe
40009154	Estienne Roger	Roger, Estienne
40009604	Giuseppe Sala	Sala, Giuseppe
40009154	Estienne Roger	Roger, Estienne
40000613	Christophe Ballard	Ballard, Christophe
40009154	Estienne Roger	Roger, Estienne
40000613	Christophe Ballard	Ballard, Christophe
40009154	Estienne Roger	Roger, Estienne
40000613	Christophe Ballard	Ballard, Christophe
40009154	Estienne Roger	Roger, Estienne
40000613	Christophe Ballard	Ballard, Christophe
40009154	Estienne Roger	Roger, Estienne
40009154	Estienne Roger	Roger, Estienne
40000613	Christophe Ballard	Ballard, Christophe

